{
	"info": {
		"_postman_id": "a6f2b286-ec7a-40e0-aacb-86ae0b73386a",
		"name": "Django-TodoApp",
		"schema": "https://schema.getpostman.com/json/collection/v2.1.0/collection.json"
	},
	"item": [
		{
			"name": "Todos",
			"item": [
				{
					"name": "Get",
					"request": {
						"auth": {
							"type": "noauth"
						},
						"method": "GET",
						"header": [],
						"url": {
							"raw": "localhost:8000/api/todos/1/",
							"host": [
								"localhost"
							],
							"port": "8000",
							"path": [
								"api",
								"todos",
								"1",
								""
							]
						}
					},
					"response": []
				},
				{
					"name": "Get List",
					"request": {
						"auth": {
							"type": "noauth"
						},
						"method": "GET",
						"header": [],
						"url": {
							"raw": "localhost:8000/api/todos/",
							"host": [
								"localhost"
							],
							"port": "8000",
							"path": [
								"api",
								"todos",
								""
							]
						}
					},
					"response": []
				},
				{
					"name": "Create",
					"request": {
						"auth": {
							"type": "noauth"
						},
						"method": "POST",
						"header": [],
						"body": {
							"mode": "raw",
							"raw": "{\n    \"name\": \"Prepare meeting notes\"\n}",
							"options": {
								"raw": {
									"language": "json"
								}
							}
						},
						"url": {
							"raw": "localhost:8000/api/todos/",
							"host": [
								"localhost"
							],
							"port": "8000",
							"path": [
								"api",
								"todos",
								""
							]
						}
					},
					"response": []
				},
				{
					"name": "Update",
					"request": {
						"auth": {
							"type": "noauth"
						},
						"method": "PATCH",
						"header": [],
						"body": {
							"mode": "raw",
							"raw": "{\n    \"name\": \"Go for a walk\",\n    \"completed\": true\n}",
							"options": {
								"raw": {
									"language": "json"
								}
							}
						},
						"url": {
							"raw": "localhost:8000/api/todos/1/",
							"host": [
								"localhost"
							],
							"port": "8000",
							"path": [
								"api",
								"todos",
								"1",
								""
							]
						}
					},
					"response": []
				},
				{
					"name": "Delete",
					"request": {
						"auth": {
							"type": "noauth"
						},
						"method": "DELETE",
						"header": [],
						"url": {
							"raw": "localhost:8000/api/todos/1/",
							"host": [
								"localhost"
							],
							"port": "8000",
							"path": [
								"api",
								"todos",
								"1",
								""
							]
						}
					},
					"response": []
				}
			]
		}
	],
	"auth": {
		"type": "apikey",
		"apikey": [
			{
				"key": "value",
				"value": "Token 26e677e1f241c80617eb56cb0b188dda7b83c469",
				"type": "string"
			},
			{
				"key": "key",
				"value": "Authorization",
				"type": "string"
			}
		]
	},
	"event": [
		{
			"listen": "prerequest",
			"script": {
				"type": "text/javascript",
				"exec": [
					""
				]
			}
		},
		{
			"listen": "test",
			"script": {
				"type": "text/javascript",
				"exec": [
					""
				]
			}
		}
	]
}